Sample 1,Sample 2
0.544386258,0.72081971
0.153571135,0.72831446
0.902535196,0.490003552
0.481912447,0.234526631
0.271166404,0.680849025
0.862183854,0.596948445
0.686754814,0.617823984
0.983877243,0.373246488
0.167078711,0.547013741
0.143333837,0.230609831
0.786760445,0.362761101
